Items,group,,Code_item,Son,Question,Answer1,Answer2,Audio1,Audio2
1,A,https://raw.githubusercontent.com/QiujiHuang/mandarin_audio/main/,MAN-1-Q-Focus,https://raw.githubusercontent.com/QiujiHuang/mandarin_audio/main/MAN-1-Q-Focus.wav,是 哪 道 菜，张三 刚 吃 过？,Focus,Topic,https://raw.githubusercontent.com/QiujiHuang/mandarin_audio/main/MAN-1-A-Focus.wav,https://raw.githubusercontent.com/QiujiHuang/mandarin_audio/main/MAN-1-A-Topic.wav
1,B,https://raw.githubusercontent.com/QiujiHuang/mandarin_audio/main/,MAN-1-Q-Topic,https://raw.githubusercontent.com/QiujiHuang/mandarin_audio/main/MAN-1-Q-Topic.wav,哪 道 菜，张三 刚 吃 过？,Focus,Topic,https://raw.githubusercontent.com/QiujiHuang/mandarin_audio/main/MAN-1-A-Focus.wav,https://raw.githubusercontent.com/QiujiHuang/mandarin_audio/main/MAN-1-A-Topic.wav
1,C,https://raw.githubusercontent.com/QiujiHuang/mandarin_audio/main/,MAN-1-Q-TopicM,https://raw.githubusercontent.com/QiujiHuang/mandarin_audio/main/MAN-1-Q-TopicM.wav,是 哪 道 菜，张三 刚 吃 过？,Focus,Topic,https://raw.githubusercontent.com/QiujiHuang/mandarin_audio/main/MAN-1-A-Focus.wav,https://raw.githubusercontent.com/QiujiHuang/mandarin_audio/main/MAN-1-A-Topic.wav
2,A,https://raw.githubusercontent.com/QiujiHuang/mandarin_audio/main/,MAN-2-Q-Focus,https://raw.githubusercontent.com/QiujiHuang/mandarin_audio/main/MAN-2-Q-Focus.wav,哪 个 人，李明 邀请 过？,Topic,Focus,https://raw.githubusercontent.com/QiujiHuang/mandarin_audio/main/MAN-2-A-Topic.wav,https://raw.githubusercontent.com/QiujiHuang/mandarin_audio/main/MAN-2-A-Focus.wav
2,B,https://raw.githubusercontent.com/QiujiHuang/mandarin_audio/main/,MAN-2-Q-TopicM,https://raw.githubusercontent.com/QiujiHuang/mandarin_audio/main/MAN-2-Q-TopicM.wav,是 哪 个 人，李明 邀请 过？,Topic,Focus,https://raw.githubusercontent.com/QiujiHuang/mandarin_audio/main/MAN-2-A-Topic.wav,https://raw.githubusercontent.com/QiujiHuang/mandarin_audio/main/MAN-2-A-Focus.wav
2,C,https://raw.githubusercontent.com/QiujiHuang/mandarin_audio/main/,MAN-2-Q-Topic,https://raw.githubusercontent.com/QiujiHuang/mandarin_audio/main/MAN-2-Q-Topic.wav,哪 个 人，李明 邀请 过？,Topic,Focus,https://raw.githubusercontent.com/QiujiHuang/mandarin_audio/main/MAN-2-A-Topic.wav,https://raw.githubusercontent.com/QiujiHuang/mandarin_audio/main/MAN-2-A-Focus.wav
3,A,https://raw.githubusercontent.com/QiujiHuang/mandarin_audio/main/,MAN-3-Q-Topic,https://raw.githubusercontent.com/QiujiHuang/mandarin_audio/main/MAN-3-Q-Topic.wav,是 哪 本 书，张三 刚 看 过？,Focus,Topic,https://raw.githubusercontent.com/QiujiHuang/mandarin_audio/main/MAN-3-A-Focus.wav,https://raw.githubusercontent.com/QiujiHuang/mandarin_audio/main/MAN-3-A-Topic.wav
3,B,https://raw.githubusercontent.com/QiujiHuang/mandarin_audio/main/,MAN-3-Q-TopicM,https://raw.githubusercontent.com/QiujiHuang/mandarin_audio/main/MAN-3-Q-TopicM.wav,哪 本 书，张三 刚 看 过？,Focus,Topic,https://raw.githubusercontent.com/QiujiHuang/mandarin_audio/main/MAN-3-A-Focus.wav,https://raw.githubusercontent.com/QiujiHuang/mandarin_audio/main/MAN-3-A-Topic.wav
3,C,https://raw.githubusercontent.com/QiujiHuang/mandarin_audio/main/,MAN-3-Q-Focus,https://raw.githubusercontent.com/QiujiHuang/mandarin_audio/main/MAN-3-Q-Focus.wav,是 哪 本 书，张三 刚 看 过？,Focus,Topic,https://raw.githubusercontent.com/QiujiHuang/mandarin_audio/main/MAN-3-A-Focus.wav,https://raw.githubusercontent.com/QiujiHuang/mandarin_audio/main/MAN-3-A-Topic.wav
4,A,https://raw.githubusercontent.com/QiujiHuang/mandarin_audio/main/,MAN-4-Q-Topic,https://raw.githubusercontent.com/QiujiHuang/mandarin_audio/main/MAN-4-Q-Topic.wav,哪 门 课，李明 之前 上 过？,Topic,Focus,https://raw.githubusercontent.com/QiujiHuang/mandarin_audio/main/MAN-4-A-Topic.wav,https://raw.githubusercontent.com/QiujiHuang/mandarin_audio/main/MAN-4-A-Focus.wav
4,B,https://raw.githubusercontent.com/QiujiHuang/mandarin_audio/main/,MAN-4-Q-Focus,https://raw.githubusercontent.com/QiujiHuang/mandarin_audio/main/MAN-4-Q-Focus.wav,是 哪 门 课，李明 之前 上 过 ？,Topic,Focus,https://raw.githubusercontent.com/QiujiHuang/mandarin_audio/main/MAN-4-A-Topic.wav,https://raw.githubusercontent.com/QiujiHuang/mandarin_audio/main/MAN-4-A-Focus.wav
4,C,https://raw.githubusercontent.com/QiujiHuang/mandarin_audio/main/,MAN-4-Q-TopicM,https://raw.githubusercontent.com/QiujiHuang/mandarin_audio/main/MAN-4-Q-TopicM.wav,哪 门 课，李明 之前 上 过？,Topic,Focus,https://raw.githubusercontent.com/QiujiHuang/mandarin_audio/main/MAN-4-A-Topic.wav,https://raw.githubusercontent.com/QiujiHuang/mandarin_audio/main/MAN-4-A-Focus.wav
5,A,https://raw.githubusercontent.com/QiujiHuang/mandarin_audio/main/,MAN-5-Q-TopicM,https://raw.githubusercontent.com/QiujiHuang/mandarin_audio/main/MAN-5-Q-TopicM.wav,是 哪 个 城市，张三 去 过？,Focus,Topic,https://raw.githubusercontent.com/QiujiHuang/mandarin_audio/main/MAN-5-A-Focus.wav,https://raw.githubusercontent.com/QiujiHuang/mandarin_audio/main/MAN-5-A-Topic.wav
5,B,https://raw.githubusercontent.com/QiujiHuang/mandarin_audio/main/,MAN-5-Q-Focus,https://raw.githubusercontent.com/QiujiHuang/mandarin_audio/main/MAN-5-Q-Focus.wav,哪 个 城市，张三 去 过？,Focus,Topic,https://raw.githubusercontent.com/QiujiHuang/mandarin_audio/main/MAN-5-A-Focus.wav,https://raw.githubusercontent.com/QiujiHuang/mandarin_audio/main/MAN-5-A-Topic.wav
5,C,https://raw.githubusercontent.com/QiujiHuang/mandarin_audio/main/,MAN-5-Q-Topic,https://raw.githubusercontent.com/QiujiHuang/mandarin_audio/main/MAN-5-Q-Topic.wav,是 哪 个 城市，张三 去 过？,Focus,Topic,https://raw.githubusercontent.com/QiujiHuang/mandarin_audio/main/MAN-5-A-Focus.wav,https://raw.githubusercontent.com/QiujiHuang/mandarin_audio/main/MAN-5-A-Topic.wav
6,A,https://raw.githubusercontent.com/QiujiHuang/mandarin_audio/main/,MAN-6-Q-TopicM,https://raw.githubusercontent.com/QiujiHuang/mandarin_audio/main/MAN-6-Q-TopicM.wav,哪 种 水果，李明 最 喜欢？,Topic,Focus,https://raw.githubusercontent.com/QiujiHuang/mandarin_audio/main/MAN-6-A-Topic.wav,https://raw.githubusercontent.com/QiujiHuang/mandarin_audio/main/MAN-6-A-Focus.wav
6,B,https://raw.githubusercontent.com/QiujiHuang/mandarin_audio/main/,MAN-6-Q-Topic,https://raw.githubusercontent.com/QiujiHuang/mandarin_audio/main/MAN-6-Q-Topic.wav,是 哪 种 水果，李明 最 喜欢？,Topic,Focus,https://raw.githubusercontent.com/QiujiHuang/mandarin_audio/main/MAN-6-A-Topic.wav,https://raw.githubusercontent.com/QiujiHuang/mandarin_audio/main/MAN-6-A-Focus.wav
6,C,https://raw.githubusercontent.com/QiujiHuang/mandarin_audio/main/,MAN-6-Q-Focus,https://raw.githubusercontent.com/QiujiHuang/mandarin_audio/main/MAN-6-Q-Focus.wav,哪 种 水果，李明 最 喜欢？,Topic,Focus,https://raw.githubusercontent.com/QiujiHuang/mandarin_audio/main/MAN-6-A-Topic.wav,https://raw.githubusercontent.com/QiujiHuang/mandarin_audio/main/MAN-6-A-Focus.wav
7,A,https://raw.githubusercontent.com/QiujiHuang/mandarin_audio/main/,MAN-7-Q-Focus,https://raw.githubusercontent.com/QiujiHuang/mandarin_audio/main/MAN-7-Q-Focus.wav,是 哪 种 狗，张三 的 朋友 养 过？,Focus,Topic,https://raw.githubusercontent.com/QiujiHuang/mandarin_audio/main/MAN-7-A-Focus.wav,https://raw.githubusercontent.com/QiujiHuang/mandarin_audio/main/MAN-7-A-Topic.wav
7,B,https://raw.githubusercontent.com/QiujiHuang/mandarin_audio/main/,MAN-7-Q-Topic,https://raw.githubusercontent.com/QiujiHuang/mandarin_audio/main/MAN-7-Q-Topic.wav,哪 种 狗，张三 的 朋友 养 过？,Focus,Topic,https://raw.githubusercontent.com/QiujiHuang/mandarin_audio/main/MAN-7-A-Focus.wav,https://raw.githubusercontent.com/QiujiHuang/mandarin_audio/main/MAN-7-A-Topic.wav
7,C,https://raw.githubusercontent.com/QiujiHuang/mandarin_audio/main/,MAN-7-Q-TopicM,https://raw.githubusercontent.com/QiujiHuang/mandarin_audio/main/MAN-7-Q-TopicM.wav,是 哪 种 狗，张三 的 朋友 养 过？,Focus,Topic,https://raw.githubusercontent.com/QiujiHuang/mandarin_audio/main/MAN-7-A-Focus.wav,https://raw.githubusercontent.com/QiujiHuang/mandarin_audio/main/MAN-7-A-Topic.wav
8,A,https://raw.githubusercontent.com/QiujiHuang/mandarin_audio/main/,MAN-8-Q-Focus,https://raw.githubusercontent.com/QiujiHuang/mandarin_audio/main/MAN-8-Q-Focus.wav,哪 位 老师，李明 最 喜欢？,Topic,Focus,https://raw.githubusercontent.com/QiujiHuang/mandarin_audio/main/MAN-8-A-Topic.wav,https://raw.githubusercontent.com/QiujiHuang/mandarin_audio/main/MAN-8-A-Focus.wav
8,B,https://raw.githubusercontent.com/QiujiHuang/mandarin_audio/main/,MAN-8-Q-TopicM,https://raw.githubusercontent.com/QiujiHuang/mandarin_audio/main/MAN-8-Q-TopicM.wav,是 哪 位 老师，李明 最 喜欢？,Topic,Focus,https://raw.githubusercontent.com/QiujiHuang/mandarin_audio/main/MAN-8-A-Topic.wav,https://raw.githubusercontent.com/QiujiHuang/mandarin_audio/main/MAN-8-A-Focus.wav
8,C,https://raw.githubusercontent.com/QiujiHuang/mandarin_audio/main/,MAN-8-Q-Topic,https://raw.githubusercontent.com/QiujiHuang/mandarin_audio/main/MAN-8-Q-Topic.wav,哪 位 老师，李明 最 喜欢？,Topic,Focus,https://raw.githubusercontent.com/QiujiHuang/mandarin_audio/main/MAN-8-A-Topic.wav,https://raw.githubusercontent.com/QiujiHuang/mandarin_audio/main/MAN-8-A-Focus.wav
9,A,https://raw.githubusercontent.com/QiujiHuang/mandarin_audio/main/,MAN-9-Q-Topic,https://raw.githubusercontent.com/QiujiHuang/mandarin_audio/main/MAN-9-Q-Topic.wav,是 哪 部 电影，张三 过年 看 过？,Focus,Topic,https://raw.githubusercontent.com/QiujiHuang/mandarin_audio/main/MAN-9-A-Focus.wav,https://raw.githubusercontent.com/QiujiHuang/mandarin_audio/main/MAN-9-A-Topic.wav
9,B,https://raw.githubusercontent.com/QiujiHuang/mandarin_audio/main/,MAN-9-Q-TopicM,https://raw.githubusercontent.com/QiujiHuang/mandarin_audio/main/MAN-9-Q-TopicM.wav,哪 部 电影，张三 过年 看 过？,Focus,Topic,https://raw.githubusercontent.com/QiujiHuang/mandarin_audio/main/MAN-9-A-Focus.wav,https://raw.githubusercontent.com/QiujiHuang/mandarin_audio/main/MAN-9-A-Topic.wav
9,C,https://raw.githubusercontent.com/QiujiHuang/mandarin_audio/main/,MAN-9-Q-Focus,https://raw.githubusercontent.com/QiujiHuang/mandarin_audio/main/MAN-9-Q-Focus.wav,是 哪 部 电影，张三 过年 看 过？,Focus,Topic,https://raw.githubusercontent.com/QiujiHuang/mandarin_audio/main/MAN-9-A-Focus.wav,https://raw.githubusercontent.com/QiujiHuang/mandarin_audio/main/MAN-9-A-Topic.wav
10,A,https://raw.githubusercontent.com/QiujiHuang/mandarin_audio/main/,MAN-10-Q-Topic,https://raw.githubusercontent.com/QiujiHuang/mandarin_audio/main/MAN-10-Q-Topic.wav,哪种 奶茶，李明 之前 点 过？,Topic,Focus,https://raw.githubusercontent.com/QiujiHuang/mandarin_audio/main/MAN-10-A-Topic.wav,https://raw.githubusercontent.com/QiujiHuang/mandarin_audio/main/MAN-10-A-Focus.wav
10,B,https://raw.githubusercontent.com/QiujiHuang/mandarin_audio/main/,MAN-10-Q-Focus,https://raw.githubusercontent.com/QiujiHuang/mandarin_audio/main/MAN-10-Q-Focus.wav,是 哪种 奶茶，李明 之前 点 过？,Topic,Focus,https://raw.githubusercontent.com/QiujiHuang/mandarin_audio/main/MAN-10-A-Topic.wav,https://raw.githubusercontent.com/QiujiHuang/mandarin_audio/main/MAN-10-A-Focus.wav
10,C,https://raw.githubusercontent.com/QiujiHuang/mandarin_audio/main/,MAN-10-Q-TopicM,https://raw.githubusercontent.com/QiujiHuang/mandarin_audio/main/MAN-10-Q-TopicM.wav,哪种 奶茶，李明 之前 点 过？,Topic,Focus,https://raw.githubusercontent.com/QiujiHuang/mandarin_audio/main/MAN-10-A-Topic.wav,https://raw.githubusercontent.com/QiujiHuang/mandarin_audio/main/MAN-10-A-Focus.wav
11,A,https://raw.githubusercontent.com/QiujiHuang/mandarin_audio/main/,MAN-11-Q-TopicM,https://raw.githubusercontent.com/QiujiHuang/mandarin_audio/main/MAN-11-Q-TopicM.wav,是 哪 家 公司，李四 很 讨厌？,Focus,Topic,https://raw.githubusercontent.com/QiujiHuang/mandarin_audio/main/MAN-11-A-Focus.wav,https://raw.githubusercontent.com/QiujiHuang/mandarin_audio/main/MAN-11-A-Topic.wav
11,B,https://raw.githubusercontent.com/QiujiHuang/mandarin_audio/main/,MAN-11-Q-Focus,https://raw.githubusercontent.com/QiujiHuang/mandarin_audio/main/MAN-11-Q-Focus.wav,哪 家 公司，李四 很 讨厌？,Focus,Topic,https://raw.githubusercontent.com/QiujiHuang/mandarin_audio/main/MAN-11-A-Focus.wav,https://raw.githubusercontent.com/QiujiHuang/mandarin_audio/main/MAN-11-A-Topic.wav
11,C,https://raw.githubusercontent.com/QiujiHuang/mandarin_audio/main/,MAN-11-Q-Topic,https://raw.githubusercontent.com/QiujiHuang/mandarin_audio/main/MAN-11-Q-Topic.wav,是 哪 家 公司，李四 很 讨厌？,Focus,Topic,https://raw.githubusercontent.com/QiujiHuang/mandarin_audio/main/MAN-11-A-Focus.wav,https://raw.githubusercontent.com/QiujiHuang/mandarin_audio/main/MAN-11-A-Topic.wav
12,A,https://raw.githubusercontent.com/QiujiHuang/mandarin_audio/main/,MAN-12-Q-TopicM,https://raw.githubusercontent.com/QiujiHuang/mandarin_audio/main/MAN-12-Q-TopicM.wav,哪 首 歌，李明 经常 唱？,Topic,Focus,https://raw.githubusercontent.com/QiujiHuang/mandarin_audio/main/MAN-12-A-Topic.wav,https://raw.githubusercontent.com/QiujiHuang/mandarin_audio/main/MAN-12-A-Focus.wav
12,B,https://raw.githubusercontent.com/QiujiHuang/mandarin_audio/main/,MAN-12-Q-Topic,https://raw.githubusercontent.com/QiujiHuang/mandarin_audio/main/MAN-12-Q-Topic.wav,是 哪 首 歌，李明 经常 唱？,Topic,Focus,https://raw.githubusercontent.com/QiujiHuang/mandarin_audio/main/MAN-12-A-Topic.wav,https://raw.githubusercontent.com/QiujiHuang/mandarin_audio/main/MAN-12-A-Focus.wav
12,C,https://raw.githubusercontent.com/QiujiHuang/mandarin_audio/main/,MAN-12-Q-Focus,https://raw.githubusercontent.com/QiujiHuang/mandarin_audio/main/MAN-12-Q-Focus.wav,哪 首 歌，李明 经常 唱？,Topic,Focus,https://raw.githubusercontent.com/QiujiHuang/mandarin_audio/main/MAN-12-A-Topic.wav,https://raw.githubusercontent.com/QiujiHuang/mandarin_audio/main/MAN-12-A-Focus.wav
13,A,https://raw.githubusercontent.com/QiujiHuang/mandarin_audio/main/,MAN-13-Q-Focus,https://raw.githubusercontent.com/QiujiHuang/mandarin_audio/main/MAN-13-Q-Focus.wav,是 哪 种 语言，张三 一直 很想学？,Focus,Topic,https://raw.githubusercontent.com/QiujiHuang/mandarin_audio/main/MAN-13-A-Focus.wav,https://raw.githubusercontent.com/QiujiHuang/mandarin_audio/main/MAN-13-A-Topic.wav
13,B,https://raw.githubusercontent.com/QiujiHuang/mandarin_audio/main/,MAN-13-Q-Topic,https://raw.githubusercontent.com/QiujiHuang/mandarin_audio/main/MAN-13-Q-Topic.wav,哪 种 语言，张三 一直很 想学？,Focus,Topic,https://raw.githubusercontent.com/QiujiHuang/mandarin_audio/main/MAN-13-A-Focus.wav,https://raw.githubusercontent.com/QiujiHuang/mandarin_audio/main/MAN-13-A-Topic.wav
13,C,https://raw.githubusercontent.com/QiujiHuang/mandarin_audio/main/,MAN-13-Q-TopicM,https://raw.githubusercontent.com/QiujiHuang/mandarin_audio/main/MAN-13-Q-TopicM.wav,是 哪 种 语言，张三 一直 很想学？,Focus,Topic,https://raw.githubusercontent.com/QiujiHuang/mandarin_audio/main/MAN-13-A-Focus.wav,https://raw.githubusercontent.com/QiujiHuang/mandarin_audio/main/MAN-13-A-Topic.wav
14,A,https://raw.githubusercontent.com/QiujiHuang/mandarin_audio/main/,MAN-14-Q-Focus,https://raw.githubusercontent.com/QiujiHuang/mandarin_audio/main/MAN-14-Q-Focus.wav,哪 个 国家，李明 一直 很想 去？,Topic,Focus,https://raw.githubusercontent.com/QiujiHuang/mandarin_audio/main/MAN-14-A-Topic.wav,https://raw.githubusercontent.com/QiujiHuang/mandarin_audio/main/MAN-14-A-Focus.wav
14,B,https://raw.githubusercontent.com/QiujiHuang/mandarin_audio/main/,MAN-14-Q-TopicM,https://raw.githubusercontent.com/QiujiHuang/mandarin_audio/main/MAN-14-Q-TopicM.wav,是 哪 个 国家，李明 一直很想 去？,Topic,Focus,https://raw.githubusercontent.com/QiujiHuang/mandarin_audio/main/MAN-14-A-Topic.wav,https://raw.githubusercontent.com/QiujiHuang/mandarin_audio/main/MAN-14-A-Focus.wav
14,C,https://raw.githubusercontent.com/QiujiHuang/mandarin_audio/main/,MAN-14-Q-Topic,https://raw.githubusercontent.com/QiujiHuang/mandarin_audio/main/MAN-14-Q-Topic.wav,哪 个 国家，李明 一直 很想 去？,Topic,Focus,https://raw.githubusercontent.com/QiujiHuang/mandarin_audio/main/MAN-14-A-Topic.wav,https://raw.githubusercontent.com/QiujiHuang/mandarin_audio/main/MAN-14-A-Focus.wav
15,A,https://raw.githubusercontent.com/QiujiHuang/mandarin_audio/main/,MAN-15-Q-Topic,https://raw.githubusercontent.com/QiujiHuang/mandarin_audio/main/MAN-15-Q-Topic.wav,是 哪 个 手机 品牌，李四 用 过？,Focus,Topic,https://raw.githubusercontent.com/QiujiHuang/mandarin_audio/main/MAN-15-A-Focus.wav,https://raw.githubusercontent.com/QiujiHuang/mandarin_audio/main/MAN-15-A-Topic.wav
15,B,https://raw.githubusercontent.com/QiujiHuang/mandarin_audio/main/,MAN-15-Q-TopicM,https://raw.githubusercontent.com/QiujiHuang/mandarin_audio/main/MAN-15-Q-TopicM.wav,哪 个 手机 品牌，李四 用 过？,Focus,Topic,https://raw.githubusercontent.com/QiujiHuang/mandarin_audio/main/MAN-15-A-Focus.wav,https://raw.githubusercontent.com/QiujiHuang/mandarin_audio/main/MAN-15-A-Topic.wav
15,C,https://raw.githubusercontent.com/QiujiHuang/mandarin_audio/main/,MAN-15-Q-Focus,https://raw.githubusercontent.com/QiujiHuang/mandarin_audio/main/MAN-15-Q-Focus.wav,是 哪 个 手机 品牌，李四 用 过？,Focus,Topic,https://raw.githubusercontent.com/QiujiHuang/mandarin_audio/main/MAN-15-A-Focus.wav,https://raw.githubusercontent.com/QiujiHuang/mandarin_audio/main/MAN-15-A-Topic.wav
16,A,https://raw.githubusercontent.com/QiujiHuang/mandarin_audio/main/,MAN-16-Q-Topic,https://raw.githubusercontent.com/QiujiHuang/mandarin_audio/main/MAN-16-Q-Topic.wav,哪 个 房间，李明 打扫 过？,Topic,Focus,https://raw.githubusercontent.com/QiujiHuang/mandarin_audio/main/MAN-16-A-Topic.wav,https://raw.githubusercontent.com/QiujiHuang/mandarin_audio/main/MAN-16-A-Focus.wav
16,B,https://raw.githubusercontent.com/QiujiHuang/mandarin_audio/main/,MAN-16-Q-Focus,https://raw.githubusercontent.com/QiujiHuang/mandarin_audio/main/MAN-16-Q-Focus.wav,是 哪 个 房间，李明 打扫 过？,Topic,Focus,https://raw.githubusercontent.com/QiujiHuang/mandarin_audio/main/MAN-16-A-Topic.wav,https://raw.githubusercontent.com/QiujiHuang/mandarin_audio/main/MAN-16-A-Focus.wav
16,C,https://raw.githubusercontent.com/QiujiHuang/mandarin_audio/main/,MAN-16-Q-TopicM,https://raw.githubusercontent.com/QiujiHuang/mandarin_audio/main/MAN-16-Q-TopicM.wav,哪 个 房间，李明 打扫 过？,Topic,Focus,https://raw.githubusercontent.com/QiujiHuang/mandarin_audio/main/MAN-16-A-Topic.wav,https://raw.githubusercontent.com/QiujiHuang/mandarin_audio/main/MAN-16-A-Focus.wav
17,A,https://raw.githubusercontent.com/QiujiHuang/mandarin_audio/main/,MAN-17-Q-TopicM,https://raw.githubusercontent.com/QiujiHuang/mandarin_audio/main/MAN-17-Q-TopicM.wav,是 哪 家 火锅店，马良 经常 和 朋友 去？,Focus,Topic,https://raw.githubusercontent.com/QiujiHuang/mandarin_audio/main/MAN-17-A-Focus.wav,https://raw.githubusercontent.com/QiujiHuang/mandarin_audio/main/MAN-17-A-Topic.wav
17,B,https://raw.githubusercontent.com/QiujiHuang/mandarin_audio/main/,MAN-17-Q-Focus,https://raw.githubusercontent.com/QiujiHuang/mandarin_audio/main/MAN-17-Q-Focus.wav,哪 家 火锅店，马良 经常 和 朋友 去？,Focus,Topic,https://raw.githubusercontent.com/QiujiHuang/mandarin_audio/main/MAN-17-A-Focus.wav,https://raw.githubusercontent.com/QiujiHuang/mandarin_audio/main/MAN-17-A-Topic.wav
17,C,https://raw.githubusercontent.com/QiujiHuang/mandarin_audio/main/,MAN-17-Q-Topic,https://raw.githubusercontent.com/QiujiHuang/mandarin_audio/main/MAN-17-Q-Topic.wav,是 哪 家 火锅店，马良 经常 和 朋友 去？,Focus,Topic,https://raw.githubusercontent.com/QiujiHuang/mandarin_audio/main/MAN-17-A-Focus.wav,https://raw.githubusercontent.com/QiujiHuang/mandarin_audio/main/MAN-17-A-Topic.wav
18,A,https://raw.githubusercontent.com/QiujiHuang/mandarin_audio/main/,MAN-18-Q-TopicM,https://raw.githubusercontent.com/QiujiHuang/mandarin_audio/main/MAN-18-Q-TopicM.wav,哪种花，李明 之前 买 过？,Topic,Focus,https://raw.githubusercontent.com/QiujiHuang/mandarin_audio/main/MAN-18-A-Topic.wav,https://raw.githubusercontent.com/QiujiHuang/mandarin_audio/main/MAN-18-A-Focus.wav
18,B,https://raw.githubusercontent.com/QiujiHuang/mandarin_audio/main/,MAN-18-Q-Topic,https://raw.githubusercontent.com/QiujiHuang/mandarin_audio/main/MAN-18-Q-Topic.wav,是 哪种花，李明 之前 买 过？,Topic,Focus,https://raw.githubusercontent.com/QiujiHuang/mandarin_audio/main/MAN-18-A-Topic.wav,https://raw.githubusercontent.com/QiujiHuang/mandarin_audio/main/MAN-18-A-Focus.wav
18,C,https://raw.githubusercontent.com/QiujiHuang/mandarin_audio/main/,MAN-18-Q-Focus,https://raw.githubusercontent.com/QiujiHuang/mandarin_audio/main/MAN-18-Q-Focus.wav,哪种花，李明 之前 买 过？,Topic,Focus,https://raw.githubusercontent.com/QiujiHuang/mandarin_audio/main/MAN-18-A-Topic.wav,https://raw.githubusercontent.com/QiujiHuang/mandarin_audio/main/MAN-18-A-Focus.wav
19,A,https://raw.githubusercontent.com/QiujiHuang/mandarin_audio/main/,MAN-19-Q-Focus,https://raw.githubusercontent.com/QiujiHuang/mandarin_audio/main/MAN-19-Q-Focus.wav,是 哪类 问题，张三 一直 在 研究？,Focus,Topic,https://raw.githubusercontent.com/QiujiHuang/mandarin_audio/main/MAN-19-A-Focus.wav,https://raw.githubusercontent.com/QiujiHuang/mandarin_audio/main/MAN-19-A-Topic.wav
19,B,https://raw.githubusercontent.com/QiujiHuang/mandarin_audio/main/,MAN-19-Q-Topic,https://raw.githubusercontent.com/QiujiHuang/mandarin_audio/main/MAN-19-Q-Topic.wav,哪类 问题，张三 一直 在 研究？,Focus,Topic,https://raw.githubusercontent.com/QiujiHuang/mandarin_audio/main/MAN-19-A-Focus.wav,https://raw.githubusercontent.com/QiujiHuang/mandarin_audio/main/MAN-19-A-Topic.wav
19,C,https://raw.githubusercontent.com/QiujiHuang/mandarin_audio/main/,MAN-19-Q-TopicM,https://raw.githubusercontent.com/QiujiHuang/mandarin_audio/main/MAN-19-Q-TopicM.wav,是 哪类 问题，张三 一直 在 研究？,Focus,Topic,https://raw.githubusercontent.com/QiujiHuang/mandarin_audio/main/MAN-19-A-Focus.wav,https://raw.githubusercontent.com/QiujiHuang/mandarin_audio/main/MAN-19-A-Topic.wav
20,A,https://raw.githubusercontent.com/QiujiHuang/mandarin_audio/main/,MAN-20-Q-Focus,https://raw.githubusercontent.com/QiujiHuang/mandarin_audio/main/MAN-20-Q-Focus.wav,哪 家 书店，李明 经常 光顾？,Topic,Focus,https://raw.githubusercontent.com/QiujiHuang/mandarin_audio/main/MAN-20-A-Topic.wav,https://raw.githubusercontent.com/QiujiHuang/mandarin_audio/main/MAN-20-A-Focus.wav
20,B,https://raw.githubusercontent.com/QiujiHuang/mandarin_audio/main/,MAN-20-Q-TopicM,https://raw.githubusercontent.com/QiujiHuang/mandarin_audio/main/MAN-20-Q-TopicM.wav,是 哪 家 书店，李明 经常 光顾？,Topic,Focus,https://raw.githubusercontent.com/QiujiHuang/mandarin_audio/main/MAN-20-A-Topic.wav,https://raw.githubusercontent.com/QiujiHuang/mandarin_audio/main/MAN-20-A-Focus.wav
20,C,https://raw.githubusercontent.com/QiujiHuang/mandarin_audio/main/,MAN-20-Q-Topic,https://raw.githubusercontent.com/QiujiHuang/mandarin_audio/main/MAN-20-Q-Topic.wav,哪 家 书店，李明 经常 光顾？,Topic,Focus,https://raw.githubusercontent.com/QiujiHuang/mandarin_audio/main/MAN-20-A-Topic.wav,https://raw.githubusercontent.com/QiujiHuang/mandarin_audio/main/MAN-20-A-Focus.wav
21,A,https://raw.githubusercontent.com/QiujiHuang/mandarin_audio/main/,MAN-21-Q-Topic,https://raw.githubusercontent.com/QiujiHuang/mandarin_audio/main/MAN-21-Q-Topic.wav,是 哪种甜品，李四 吃过很多次？,Focus,Topic,https://raw.githubusercontent.com/QiujiHuang/mandarin_audio/main/MAN-21-A-Focus.wav,https://raw.githubusercontent.com/QiujiHuang/mandarin_audio/main/MAN-21-A-Topic.wav
21,B,https://raw.githubusercontent.com/QiujiHuang/mandarin_audio/main/,MAN-21-Q-TopicM,https://raw.githubusercontent.com/QiujiHuang/mandarin_audio/main/MAN-21-Q-TopicM.wav,哪种甜品，李四 吃过很多次？,Focus,Topic,https://raw.githubusercontent.com/QiujiHuang/mandarin_audio/main/MAN-21-A-Focus.wav,https://raw.githubusercontent.com/QiujiHuang/mandarin_audio/main/MAN-21-A-Topic.wav
21,C,https://raw.githubusercontent.com/QiujiHuang/mandarin_audio/main/,MAN-21-Q-Focus,https://raw.githubusercontent.com/QiujiHuang/mandarin_audio/main/MAN-21-Q-Focus.wav,是 哪种甜品，李四 吃过很多次？,Focus,Topic,https://raw.githubusercontent.com/QiujiHuang/mandarin_audio/main/MAN-21-A-Focus.wav,https://raw.githubusercontent.com/QiujiHuang/mandarin_audio/main/MAN-21-A-Topic.wav
22,A,https://raw.githubusercontent.com/QiujiHuang/mandarin_audio/main/,MAN-22-Q-Topic,https://raw.githubusercontent.com/QiujiHuang/mandarin_audio/main/MAN-22-Q-Topic.wav,哪位老师，李明 经常提起？,Topic,Focus,https://raw.githubusercontent.com/QiujiHuang/mandarin_audio/main/MAN-22-A-Topic.wav,https://raw.githubusercontent.com/QiujiHuang/mandarin_audio/main/MAN-22-A-Focus.wav
22,B,https://raw.githubusercontent.com/QiujiHuang/mandarin_audio/main/,MAN-22-Q-Focus,https://raw.githubusercontent.com/QiujiHuang/mandarin_audio/main/MAN-22-Q-Focus.wav,是 哪位老师，李明 经常提起？,Topic,Focus,https://raw.githubusercontent.com/QiujiHuang/mandarin_audio/main/MAN-22-A-Topic.wav,https://raw.githubusercontent.com/QiujiHuang/mandarin_audio/main/MAN-22-A-Focus.wav
22,C,https://raw.githubusercontent.com/QiujiHuang/mandarin_audio/main/,MAN-22-Q-TopicM,https://raw.githubusercontent.com/QiujiHuang/mandarin_audio/main/MAN-22-Q-TopicM.wav,哪位老师，李明 经常提起？,Topic,Focus,https://raw.githubusercontent.com/QiujiHuang/mandarin_audio/main/MAN-22-A-Topic.wav,https://raw.githubusercontent.com/QiujiHuang/mandarin_audio/main/MAN-22-A-Focus.wav
23,A,https://raw.githubusercontent.com/QiujiHuang/mandarin_audio/main/,MAN-23-Q-TopicM,https://raw.githubusercontent.com/QiujiHuang/mandarin_audio/main/MAN-23-Q-TopicM.wav,是 哪 个 博物馆，张三 打算 暑假 和 同学 一起 去 参观？,Focus,Topic,https://raw.githubusercontent.com/QiujiHuang/mandarin_audio/main/MAN-23-A-Focus.wav,https://raw.githubusercontent.com/QiujiHuang/mandarin_audio/main/MAN-23-A-Topic.wav
23,B,https://raw.githubusercontent.com/QiujiHuang/mandarin_audio/main/,MAN-23-Q-Focus,https://raw.githubusercontent.com/QiujiHuang/mandarin_audio/main/MAN-23-Q-Focus.wav,哪 个 博物馆，张三 打算 暑假 和 同学 一起 去 参观？,Focus,Topic,https://raw.githubusercontent.com/QiujiHuang/mandarin_audio/main/MAN-23-A-Focus.wav,https://raw.githubusercontent.com/QiujiHuang/mandarin_audio/main/MAN-23-A-Topic.wav
23,C,https://raw.githubusercontent.com/QiujiHuang/mandarin_audio/main/,MAN-23-Q-Topic,https://raw.githubusercontent.com/QiujiHuang/mandarin_audio/main/MAN-23-Q-Topic.wav,是 哪 个 博物馆，张三 打算 暑假 和 同学 一起 去 参观？,Focus,Topic,https://raw.githubusercontent.com/QiujiHuang/mandarin_audio/main/MAN-23-A-Focus.wav,https://raw.githubusercontent.com/QiujiHuang/mandarin_audio/main/MAN-23-A-Topic.wav
24,A,https://raw.githubusercontent.com/QiujiHuang/mandarin_audio/main/,MAN-24-Q-TopicM,https://raw.githubusercontent.com/QiujiHuang/mandarin_audio/main/MAN-24-Q-TopicM.wav,哪 位 老师，李明 曾经 撞 到 过？,Topic,Focus,https://raw.githubusercontent.com/QiujiHuang/mandarin_audio/main/MAN-24-A-Topic.wav,https://raw.githubusercontent.com/QiujiHuang/mandarin_audio/main/MAN-24-A-Focus.wav
24,B,https://raw.githubusercontent.com/QiujiHuang/mandarin_audio/main/,MAN-24-Q-Topic,https://raw.githubusercontent.com/QiujiHuang/mandarin_audio/main/MAN-24-Q-Topic.wav,是 哪 位 老师，李明 曾经 撞 到 过？,Topic,Focus,https://raw.githubusercontent.com/QiujiHuang/mandarin_audio/main/MAN-24-A-Topic.wav,https://raw.githubusercontent.com/QiujiHuang/mandarin_audio/main/MAN-24-A-Focus.wav
24,C,https://raw.githubusercontent.com/QiujiHuang/mandarin_audio/main/,MAN-24-Q-Focus,https://raw.githubusercontent.com/QiujiHuang/mandarin_audio/main/MAN-24-Q-Focus.wav,哪 位 老师，李明 曾经 撞 到 过？,Topic,Focus,https://raw.githubusercontent.com/QiujiHuang/mandarin_audio/main/MAN-24-A-Topic.wav,https://raw.githubusercontent.com/QiujiHuang/mandarin_audio/main/MAN-24-A-Focus.wav
